<?xml version="1.0" encoding="UTF-8"?><?xml-stylesheet type='text/xsl' href='_UpgradeReport_Files/UpgradeReport.xslt'?><UpgradeLog>
<Properties><Property Name="Solution" Value="SystemMonitor">
</Property><Property Name="Solution File" Value="\\psf\Home\Desktop\System Monitor\SystemMonitor.sln">
</Property><Property Name="Date" Value="Saturday, August 15, 2015">
</Property><Property Name="Time" Value="23:27 PM">
</Property></Properties><Event ErrorLevel="0" Project="" Source="SystemMonitor.sln" Description="File successfully backed up as \\psf\Home\Desktop\System Monitor\Backup\SystemMonitor.sln">
</Event><Event ErrorLevel="0" Project="SystemMonitor" Source="SystemMonitor.csproj" Description="Project file successfully backed up as \\psf\Home\Desktop\System Monitor\Backup\SystemMonitor.csproj">
</Event><Event ErrorLevel="0" Project="SystemMonitor" Source="AssemblyInfo.cs" Description="File successfully backed up as \\psf\Home\Desktop\System Monitor\Backup\AssemblyInfo.cs">
</Event><Event ErrorLevel="0" Project="SystemMonitor" Source="DataBar.cs" Description="File successfully backed up as \\psf\Home\Desktop\System Monitor\Backup\DataBar.cs">
</Event><Event ErrorLevel="0" Project="SystemMonitor" Source="DataChart.cs" Description="File successfully backed up as \\psf\Home\Desktop\System Monitor\Backup\DataChart.cs">
</Event><Event ErrorLevel="0" Project="SystemMonitor" Source="SysMonForm.cs" Description="File successfully backed up as \\psf\Home\Desktop\System Monitor\Backup\SysMonForm.cs">
</Event><Event ErrorLevel="0" Project="SystemMonitor" Source="SystemData.cs" Description="File successfully backed up as \\psf\Home\Desktop\System Monitor\Backup\SystemData.cs">
</Event><Event ErrorLevel="0" Project="SystemMonitor" Source="App.ico" Description="File successfully backed up as \\psf\Home\Desktop\System Monitor\Backup\App.ico">
</Event><Event ErrorLevel="0" Project="SystemMonitor" Source="DataBar.resx" Description="File successfully backed up as \\psf\Home\Desktop\System Monitor\Backup\DataBar.resx">
</Event><Event ErrorLevel="0" Project="SystemMonitor" Source="DataChart.resx" Description="File successfully backed up as \\psf\Home\Desktop\System Monitor\Backup\DataChart.resx">
</Event><Event ErrorLevel="0" Project="SystemMonitor" Source="SysMonForm.resx" Description="File successfully backed up as \\psf\Home\Desktop\System Monitor\Backup\SysMonForm.resx">
</Event><Event ErrorLevel="1" Project="SystemMonitor" Source="SystemMonitor.csproj" Description="Your project is targeting .NET Framework 2.0 or 3.0. If your project uses assemblies requiring a newer .NET Framework, your project will fail to build. You can change the .NET Framework version by clicking Properties on the project menu and then selecting a new version in the '.NET Framework' dropdown box. (In Visual Basic, this is located on the Compile tab by clicking the 'Advanced Compiler Options...' button.)">
</Event><Event ErrorLevel="0" Project="SystemMonitor" Source="SystemMonitor.csproj" Description="Project converted successfully">
</Event><Event ErrorLevel="3" Project="SystemMonitor" Source="SystemMonitor.csproj" Description="Converted">
</Event><Event ErrorLevel="0" Project="" Source="SystemMonitor.sln" Description="Solution converted successfully">
</Event><Event ErrorLevel="3" Project="" Source="SystemMonitor.sln" Description="Converted">
</Event><Event ErrorLevel="0" Project="SystemMonitor" Source="SystemMonitor.csproj" Description="Scan complete: Upgrade not required for project files.">
</Event></UpgradeLog>